month,y10,y2,ep
2000-01,6.66,6.44,3.44
2000-02,6.52,6.61,3.6
2000-03,6.26,6.53,3.53
2000-04,5.99,6.4,3.51
2000-05,6.44,6.81,3.64
2000-06,6.1,6.48,3.55
2000-07,6.05,6.34,3.57
2000-08,5.83,6.23,3.58
2000-09,5.8,6.08,3.66
2000-10,5.74,5.91,3.77
2000-11,5.72,5.88,3.72
2000-12,5.24,5.35,3.76
2001-01,5.16,4.76,3.63
2001-02,5.1,4.66,3.6
2001-03,4.89,4.34,3.83
2001-04,5.14,4.23,3.58
2001-05,5.39,4.26,3.12
2001-06,5.28,4.08,2.97
2001-07,5.24,4.04,2.82
2001-08,4.97,3.76,2.64
2001-09,4.73,3.12,2.71
2001-10,4.57,2.73,2.52
2001-11,4.65,2.78,2.29
2001-12,5.09,3.11,2.16
2002-01,5.04,3.03,2.17
2002-02,4.91,3.02,2.24
2002-03,5.28,3.56,2.14
2002-04,5.21,3.42,2.28
2002-05,5.16,3.26,2.41
2002-06,4.93,2.99,2.64
2002-07,4.65,2.56,3.08
2002-08,4.26,2.13,3.17
2002-09,3.87,2.0,3.46
2002-10,3.94,1.91,3.42
2002-11,4.05,1.92,3.12
2002-12,4.03,1.84,3.07
2003-01,4.05,1.74,3.18
2003-02,3.9,1.63,3.51
2003-03,3.81,1.57,3.58
2003-04,3.96,1.62,3.57
2003-05,3.57,1.42,3.54
2003-06,3.33,1.23,3.5
2003-07,3.98,1.47,3.62
2003-08,4.45,1.86,3.76
2003-09,4.27,1.71,3.78
2003-10,4.29,1.75,4.04
2003-11,4.3,1.93,4.32
2003-12,4.27,1.91,4.51
2004-01,4.15,1.76,4.4
2004-02,4.08,1.74,4.45
2004-03,3.83,1.58,4.63
2004-04,4.35,2.07,4.71
2004-05,4.72,2.53,4.97
2004-06,4.73,2.76,4.96
2004-07,4.5,2.64,5.13
2004-08,4.28,2.51,5.26
2004-09,4.13,2.53,5.17
2004-10,4.1,2.58,5.19
2004-11,4.19,2.85,4.99
2004-12,4.23,3.01,4.88
2005-01,4.22,3.22,5.0
2005-02,4.17,3.38,4.97
2005-03,4.5,3.73,5.04
2005-04,4.34,3.65,5.26
2005-05,4.14,3.64,5.28
2005-06,4.0,3.64,5.26
2005-07,4.18,3.87,5.26
2005-08,4.26,4.04,5.34
2005-09,4.2,3.95,5.42
2005-10,4.46,4.27,5.67
2005-11,4.54,4.42,5.55
2005-12,4.47,4.4,5.53
2006-01,4.42,4.4,5.53
2006-02,4.57,4.67,5.62
2006-03,4.72,4.73,5.62
2006-04,4.99,4.89,5.63
2006-05,5.11,4.97,5.73
2006-06,5.11,5.12,5.94
2006-07,5.09,5.12,6.02
2006-08,4.88,4.9,6.0
2006-09,4.72,4.77,5.96
2006-10,4.73,4.8,5.83
2006-11,4.6,4.74,5.8
2006-12,4.56,4.67,5.75
2007-01,4.76,4.88,5.76
2007-02,4.72,4.85,5.72
2007-03,4.56,4.57,5.91
2007-04,4.69,4.67,5.72
2007-05,4.75,4.77,5.58
2007-06,5.1,4.98,5.61
2007-07,5.0,4.82,5.45
2007-08,4.67,4.31,5.55
2007-09,4.52,4.01,5.25
2007-10,4.53,3.97,4.84
2007-11,4.15,3.34,4.81
2007-12,4.1,3.12,4.47
2008-01,3.74,2.48,4.66
2008-02,3.74,1.97,4.6
2008-03,3.51,1.62,4.59
2008-04,3.68,2.05,4.19
2008-05,3.88,2.45,3.88
2008-06,4.1,2.77,3.83
2008-07,4.01,2.57,3.94
2008-08,3.89,2.42,3.73
2008-09,3.69,2.08,3.78
2008-10,3.81,1.61,3.67
2008-11,3.53,1.21,2.86
2008-12,2.42,0.82,1.7
2009-01,2.52,0.81,1.41
2009-02,2.87,0.98,1.18
2009-03,2.82,0.93,0.91
2009-04,2.93,0.93,0.83
2009-05,3.29,0.93,0.81
2009-06,3.72,1.18,0.81
2009-07,3.56,1.02,0.98
2009-08,3.59,1.12,1.08
2009-09,3.4,0.96,1.2
2009-10,3.39,0.95,2.37
2009-11,3.4,0.8,3.51
2009-12,3.59,0.87,4.59
2010-01,3.73,0.93,4.83
2010-02,3.69,0.86,5.29
2010-03,3.73,0.96,5.29
2010-04,3.85,1.06,5.26
2010-05,3.42,0.83,5.78
2010-06,3.2,0.72,6.19
2010-07,3.01,0.62,6.36
2010-08,2.7,0.52,6.46
2010-09,2.65,0.48,6.4
2010-10,2.54,0.38,6.29
2010-11,2.76,0.45,6.3
2010-12,3.29,0.62,6.23
2011-01,3.39,0.61,6.13
2011-02,3.58,0.77,6.05
2011-03,3.41,0.7,6.23
2011-04,3.46,0.73,6.17
2011-05,3.17,0.56,6.2
2011-06,3.0,0.41,6.52
2011-07,3.0,0.41,6.41
2011-08,2.3,0.23,7.25
2011-09,1.98,0.21,7.41
2011-10,2.15,0.28,7.2
2011-11,2.01,0.25,7.09
2011-12,1.98,0.26,6.99
2012-01,1.97,0.24,6.73
2012-02,1.97,0.28,6.51
2012-03,2.17,0.34,6.37
2012-04,2.05,0.29,6.37
2012-05,1.8,0.29,6.57
2012-06,1.62,0.29,6.64
2012-07,1.53,0.25,6.43
2012-08,1.68,0.27,6.2
2012-09,1.72,0.26,5.99
2012-10,1.75,0.28,6.02
2012-11,1.65,0.27,6.2
2012-12,1.72,0.26,6.08
2013-01,1.91,0.27,5.87
2013-02,1.98,0.27,5.77
2013-03,1.96,0.26,5.66
2013-04,1.76,0.23,5.65
2013-05,1.93,0.25,5.48
2013-06,2.3,0.33,5.62
2013-07,2.58,0.34,5.52
2013-08,2.74,0.36,5.58
2013-09,2.81,0.4,5.59
2013-10,2.62,0.34,5.6
2013-11,2.72,0.3,5.51
2013-12,2.9,0.34,5.54
2014-01,2.86,0.39,5.51
2014-02,2.71,0.33,5.54
2014-03,2.72,0.4,5.41
2014-04,2.71,0.42,5.45
2014-05,2.56,0.39,5.42
2014-06,2.6,0.45,5.3
2014-07,2.54,0.51,5.27
2014-08,2.42,0.47,5.35
2014-09,2.53,0.57,5.32
2014-10,2.3,0.45,5.41
2014-11,2.33,0.53,5.06
2014-12,2.21,0.64,4.98
2015-01,1.88,0.55,4.99
2015-02,1.98,0.62,4.82
2015-03,2.04,0.64,4.77
2015-04,1.94,0.54,4.67
2015-05,2.2,0.61,4.56
2015-06,2.36,0.69,4.52
2015-07,2.32,0.67,4.46
2015-08,2.17,0.7,4.51
2015-09,2.17,0.71,4.66
2015-10,2.07,0.64,4.41
2015-11,2.26,0.88,4.23
2015-12,2.24,0.98,4.21
2016-01,2.09,0.9,4.51
2016-02,1.78,0.73,4.54
2016-03,1.89,0.88,4.28
2016-04,1.81,0.77,4.17
2016-05,1.81,0.82,4.2
2016-06,1.64,0.73,4.17
2016-07,1.5,0.67,4.08
2016-08,1.56,0.74,4.07
2016-09,1.63,0.77,4.13
2016-10,1.76,0.84,4.24
2016-11,2.14,0.98,4.28
2016-12,2.49,1.2,4.21
2017-01,2.43,1.21,4.24
2017-02,2.42,1.2,4.22
2017-03,2.48,1.31,4.24
2017-04,2.3,1.24,4.3
2017-05,2.3,1.3,4.29
2017-06,2.19,1.34,4.27
2017-07,2.32,1.37,4.28
2017-08,2.21,1.34,4.32
2017-09,2.2,1.38,4.3
2017-10,2.36,1.55,4.22
2017-11,2.35,1.7,4.2
2017-12,2.4,1.84,4.12
2018-01,2.58,2.03,4.01
2018-02,2.86,2.18,4.2
2018-03,2.84,2.28,4.27
2018-04,2.87,2.38,4.44
2018-05,2.98,2.51,4.45
2018-06,2.91,2.53,4.45
2018-07,2.89,2.61,4.48
2018-08,2.89,2.64,4.47
2018-09,3.0,2.77,4.49
2018-10,3.15,2.86,4.71
2018-11,3.12,2.86,4.84
2018-12,2.83,2.68,5.16
2019-01,2.71,2.54,5.1
2019-02,2.68,2.5,4.85
2019-03,2.57,2.41,4.79
2019-04,2.53,2.34,4.64
2019-05,2.4,2.21,4.73
2019-06,2.07,1.81,4.68
2019-07,2.06,1.84,4.49
2019-08,1.63,1.57,4.61
2019-09,1.7,1.65,4.46
2019-10,1.71,1.55,4.54
2019-11,1.81,1.61,4.42
2019-12,1.86,1.61,4.39
2020-01,1.76,1.52,4.02
2020-02,1.5,1.33,3.78
2020-03,0.87,0.45,4.39
2020-04,0.66,0.22,4.01
2020-05,0.67,0.17,3.59
2020-06,0.73,0.19,3.2
2020-07,0.62,0.15,3.08
2020-08,0.65,0.14,2.91
2020-09,0.68,0.13,2.92
2020-10,0.79,0.15,2.83
2020-11,0.87,0.17,2.69
2020-12,0.93,0.14,2.55
2021-01,1.08,0.13,2.78
2021-02,1.26,0.12,3.01
2021-03,1.61,0.15,3.28
2021-04,1.64,0.16,3.34
2021-05,1.62,0.16,3.56
2021-06,1.52,0.2,3.75
2021-07,1.32,0.22,3.77
2021-08,1.28,0.22,3.81
2021-09,1.37,0.24,3.94
2021-10,1.58,0.39,4.1
2021-11,1.56,0.51,4.08
2021-12,1.47,0.68,4.23
2022-01,1.76,0.98,4.33
2022-02,1.93,1.44,4.46
2022-03,2.13,1.91,4.51
2022-04,2.75,2.54,4.46
2022-05,2.9,2.62,4.81
2022-06,3.14,3.0,4.93
2022-07,2.9,3.04,4.87
2022-08,2.9,3.25,4.54
2022-09,3.52,3.86,4.86
2022-10,3.98,4.38,4.89
2022-11,3.89,4.5,4.53
2022-12,3.62,4.29,4.42
2023-01,3.53,4.21,4.38
2023-02,3.75,4.53,4.27
2023-03,3.66,4.3,4.41
2023-04,3.46,4.02,4.3
2023-05,3.57,4.13,4.32
2023-06,3.75,4.64,4.17
2023-07,3.9,4.83,4.04
2023-08,4.17,4.9,4.14
2023-09,4.38,5.02,4.18
2023-10,4.8,5.07,4.39
2023-11,4.5,4.88,4.25
2023-12,4.02,4.46,4.11
2024-01,4.06,4.32,4.0
2024-02,4.21,4.54,3.83
2024-03,4.21,4.59,3.7
2024-04,4.54,4.87,3.79
2024-05,4.48,4.86,3.71
2024-06,4.31,4.74,3.62
2024-07,4.25,4.5,3.56
2024-08,3.87,3.97,3.61
2024-09,3.72,3.62,3.56
2024-10,4.1,3.97,3.51
2024-11,4.36,4.26,3.49
2024-12,4.39,4.23,3.5
2025-01,4.63,4.27,3.55
2025-02,4.45,4.21,3.55
2025-03,4.28,3.97,3.81
2025-04,4.28,3.78,4.07
2025-05,4.42,3.92,3.8
2025-06,4.38,3.89,3.69
2025-07,4.39,3.88,3.6
2025-08,4.26,3.7,3.59
2025-09,4.12,3.57,3.55
2025-10,4.06,3.52,3.52
2025-11,4.09,3.55,3.54
2025-12,4.14,3.5,3.51
2026-01,4.21,3.54,3.57
2026-02,4.13,3.47,3.69
2026-03,4.25,3.71,3.93
2026-04,4.32,3.8,3.92
2026-05,4.48,4.0,3.83
2026-06,4.47,4.11,3.96
2026-07,4.6,4.22,3.95
2026-08,4.68,4.22,3.83
